Week,Company,Volume,Actual_Hours,Target_Rate,Errors,OTD_pct,Cost_Actual,Cost_Budget,Safety_Incidents
39,Company A,5000,400,12.0,12,99.0,18000,18500,0
40,Company A,5250,420,13.0,8,99.2,18500,19000,0
41,Company A,5600,425,13.0,6,99.5,18750,19200,0
39,Company B,4100,350,12.0,16,97.5,16200,16500,0
40,Company B,3850,365,12.0,22,95.6,16900,16500,1
41,Company B,4000,372,12.0,18,96.4,17100,16600,0
39,Company C,6100,470,13.0,8,98.4,21100,21500,0
40,Company C,6250,475,13.0,5,98.9,21300,21600,0
41,Company C,6400,480,13.0,4,99.1,21400,21800,0
